item_title,country,year,medium,source_url,image_url,visual_description_body_posture,visual_description_attributes
5 Centimes Marianne (Dupré),France,1800,coin,https://en.numista.com/catalogue/pieces886.html,https://en.numista.com/catalogue/photos/france/693f46941a6821.73008016-original.jpg,"A bust of Marianne, the national personification of France, shown in profile facing left. She is fully clothed in a draped garment.","She wears a Phrygian cap (liberty cap) on her head, which is a classic symbol of freedom and the Republic."
Standing Liberty Quarter,USA,1917,coin,https://en.numista.com/catalogue/pieces3573.html,https://en.numista.com/catalogue/photos/etats-unis/1645-original.jpg,"Liberty is depicted standing rigidly between two gate posts, looking over her left shoulder. In the Type 2 design, her right breast is covered by chainmail armor.","She holds a shield in her left hand and an olive branch in her right hand, representing a state of prepared peace."
Germania Art Medal (Rudolf Mayer),Germany,1918,historical engraving,https://en.numista.com/catalogue/exonumia435693.html,https://en.numista.com/catalogue/photos/allemagne-pre1945/66fab5317f4834.23600687-original.jpg,"A bust of Germania, the personification of the German nation, shown in profile facing right. She is depicted as a strong, mature woman.","She wears a wreath made of oak and laurel leaves on her head, representing strength and victory."
10 Centimes 50 Years of Belgium Independence,Belgium,1880,coin,https://en.numista.com/catalogue/pieces67982.html,https://en.numista.com/catalogue/photos/belgique/2825-original.jpg,"A female allegory of Belgium is depicted in a seated posture, leaning comfortably on a lion, which represents the Belgian nation.","She holds a tablet or book inscribed with 'CONSTITUTION BELGE' in one hand. In the background, the Column of Congress and the Brussels Courthouse are visible."
1000 Reis A República,Brazil,1924,coin,https://en.numista.com/catalogue/pieces3106.html,https://en.numista.com/catalogue/photos/bresil/2290-original.jpg,"The effigy of the Republic is shown as a female bust in profile, facing left. She is fully clothed.","She wears a Phrygian cap, a traditional symbol of the republican movement in Brazil."
Marianne type Gandon,France,1945,stamp,https://colnect.com/en/stamps/stamp/26356-Marianne_type_Gandon-Marianne-France,https://i.colnect.net/items/f/1005/580/Marianne-type-Gandon.jpg,"A profile view of Marianne facing left. This design by Pierre Gandon shows her with a determined expression, representing the liberation of France.","She wears the Phrygian cap, a staple attribute of the French Republic."
50 Pence Britannia,UK,1971,coin,https://en.numista.com/catalogue/pieces383.html,https://en.numista.com/catalogue/photos/royaume-uni/203-original.jpg,"Britannia is shown in a seated posture, facing right. She is fully clothed in classical robes.",She wears a Corinthian helmet and holds a trident in her right hand and a shield decorated with the Union Flag in her left hand. A lion rests at her feet.
1 Dollar British Trade Dollar (Britannia),UK,1895,coin,https://en.numista.com/catalogue/pieces19154.html,https://en.numista.com/catalogue/photos/royaume-uni/2397-original.jpg,"Britannia is depicted standing on the deck of a ship, moving forward. She is fully clothed in flowing robes that suggest motion.",She holds a trident in her right hand and a shield in her left. A merchant ship is visible in the background.
Peace and Friendship Medal (Columbia),USA,1865,historical engraving,https://en.numista.com/catalogue/exonumia380029.html,https://en.numista.com/catalogue/photos/exonumia/6561f30894a4b0.12595088-original.jpg,"Columbia, the early female personification of the USA, is standing and clasping the hand of an American Indian. She is fully clothed in a classic robe.",She is associated with a bust of Washington and symbols of peace.
Half Dollar Columbia Sesquicentennial,USA,1936,coin,https://en.numista.com/catalogue/pieces51963.html,https://en.numista.com/catalogue/photos/etats-unis/5348-original.jpg,The figure of Justice (often synonymous with Columbia in state contexts) stands between the old South Carolina State House and the new Capitol.,She holds the scales of justice in one hand and a sword in the other.
Germania Spielmarke (Token),Germany,1890,historical engraving,https://en.numista.com/catalogue/exonumia468228.html,https://en.numista.com/catalogue/photos/exonumia/672776c5b05615.17697193-original.jpg,Germania is depicted standing and facing left. She is fully armored in a breastplate and classical robes.,"She holds a sword in one hand and a shield in the other, symbolizing the defense of the nation."
Germania 1844 Industrial Exhibition Medal,Germany,1844,historical engraving,https://en.numista.com/catalogue/exonumia143956.html,https://en.numista.com/catalogue/photos/exonumia/17926-original.jpg,"Germania is shown seated on a throne, turned left. She is fully clothed in noble attire.",She is surrounded by symbols of German industry and trade.
Marianne type Dulac,France,1944,stamp,https://colnect.com/en/stamps/stamp/26385-Marianne_type_Dulac-Marianne_de_Dulac-France,https://i.colnect.net/items/f/870/683/Marianne-type-Dulac.jpg,"Marianne is depicted with a profile head but with prominent wings behind her, symbolizing the flight of freedom.",She wears the Phrygian cap. The wings are her most distinctive attribute in this 'London issue'.
Republic Allegory Dyer Issue,Brazil,1890,stamp,https://colnect.com/en/stamps/stamp/1626685-Republic_Alegory_-_Dyer-Brazil,https://i.colnect.net/items/f/3342/685/Republic-Alegory---Dyer.jpg,A female head representing the Republic in profile facing left. She is depicted with a serene expression.,She wears a laurel wreath and a Phrygian cap.
5 Francs 50 Years of Belgium,Belgium,1880,coin,https://en.numista.com/catalogue/pieces27258.html,https://en.numista.com/catalogue/photos/belgique/1660-original.jpg,"On the reverse, a female allegory of Belgium is seated, leaning on a lion. She is fully clothed in classical drapery.",She holds a tablet of the Belgian Constitution.
Belgian Constitution Medal,Belgium,1831,historical engraving,https://en.numista.com/catalogue/exonumia297059.html,https://en.numista.com/catalogue/photos/exonumia/61a7a03001e745.38531980-original.jpg,"An allegory of Belgium stands rigidly, representing the foundation of the state. She is fully clothed in a gown.",She holds a scepter and the document of the constitution.
Penny Britannia (Old Head),UK,1895,coin,https://en.numista.com/catalogue/pieces1121.html,https://en.numista.com/catalogue/photos/royaume-uni/201-original.jpg,"Britannia is seated on a rock, facing right. She is fully clothed in classical robes with a helmet.",She holds a trident in her right hand and a shield in her left. A lighthouse and a ship are visible in the background.
10 Francs Marianne (Jimenez),France,1986,coin,https://en.numista.com/catalogue/pieces674.html,https://en.numista.com/catalogue/photos/france/181-original.jpg,"A stylized profile of Marianne looking left. Her hair is flowing, giving a sense of movement. She is shown from the shoulders up.","She wears the Phrygian cap, which is integrated into the modern, artistic design."
100 Reis Republica,Brazil,1889,coin,https://en.numista.com/catalogue/pieces1087.html,https://en.numista.com/catalogue/photos/bresil/1304-original.jpg,A profile bust of the female effigy of the Republic facing left. She is fully clothed.,She wears a Phrygian cap and a laurel wreath.
Walking Liberty Half Dollar,USA,1916,coin,https://en.numista.com/catalogue/pieces4455.html,https://en.numista.com/catalogue/photos/etats-unis/205-original.jpg,"Liberty is shown moving towards the left, walking toward the sun. She is draped in the American flag which flows around her body.",She carries a bundle of oak and olive branches in her left arm and extends her right hand as if in a gesture of welcome.