id,title,country,date,medium,figure_type,regime,seculo,confidence,promoted,url
SCOUT-090,"Allégorie à la Constitution, dédié à la nation françoise",FR,1789-1791,estampa,La Constitution / La Liberté,FUNDACIONAL,18th,alto,no,https://gallica.bnf.fr/ark:/12148/btv1b6948145c.item
SCOUT-091,La Constitution Française : Fondée sur la liberté naturelle et les Droits imprescriptibles de l'homme,FR,1789-1791,estampa,La Constitution / La Liberté / Droits de l'homme,FUNDACIONAL,18th,alto,no,https://gallica.bnf.fr/ark:/12148/btv1b53009905z.item
SCOUT-092,Proclamation de la Constitution 1848,FR,1848,estampa,La République / La Constitution,FUNDACIONAL,19th,alto,no,https://gallica.bnf.fr/ark:/12148/btv1b530172177.item
SCOUT-093,1 Dollar 'Seated Liberty' (without motto),US,1840-1866,moeda,Liberty (Seated),FUNDACIONAL,19th,alto,no,https://en.numista.com/catalogue/pieces11472.html
SCOUT-094,"5 Francs (Cérès, 2e République)",FR,1849-1851,moeda,Cérès / La République,FUNDACIONAL,19th,alto,no,https://en.numista.com/catalogue/pieces1181.html
SCOUT-095,Revista Illustrada — Alegoria da República (16 nov. 1889),BR,1889,estampa,A República,FUNDACIONAL,19th,alto,no,https://hemerotecadigital.bn.br/acervo-digital/revista-illustrada/332747
SCOUT-096,100 Mark Reichsbanknote — Germania seated (green seals),DE,1908,papel-moeda,Germania,NORMATIVO,20th,alto,no,https://en.numista.com/catalogue/note203616.html
SCOUT-097,1000 Mark Reichsbanknote — allegorical figures,DE,1910,papel-moeda,Germania / Navigation / Agriculture,NORMATIVO,20th,medio,no,https://en.numista.com/catalogue/note203637.html
SCOUT-098,"Allégorie de la République de 1789, 1830 et 1848",FR,1848-1852,estampa,La République (three founding moments),FUNDACIONAL,19th,alto,no,https://gallica.bnf.fr/ark:/12148/btv1b53013992k
SCOUT-099,5 Francs — Léopold I (founding coin of Belgium),BE,1832-1849,moeda,AUSENCIA ALEGORICA — portrait of Léopold I,FUNDACIONAL,19th,medio,no,https://en.numista.com/catalogue/pieces255.html
SCOUT-100,"Assignat de 400 livres (21 nov. 1792, an premier de la République)",FR,1792,papel-moeda,La République / La Liberté,FUNDACIONAL,18th,medio,no,https://gallica.bnf.fr/ark:/12148/btv1b69443660.item
SCOUT-101,1 Dollar Silver Certificate 'Educational Series' — History Instructing Youth,US,1896,papel-moeda,History / Columbia (instructing Youth),NORMATIVO,19th,alto,no,https://en.numista.com/catalogue/note207329.html
SCOUT-102,Constitution de la Belgique — Édition illustrée (frontispice allégorique),BE,1852,frontispicio,La Belgique (maiden with Tables of the Law),FUNDACIONAL,19th,alto,no,https://neptun.unamur.be/ark:/83449/0091bdf9fa
SCOUT-103,50 Cruzeiros — Efígie da República (Benedito Ribeiro / Tônia Carreiro),BR,1965,moeda,A República (efígie),NORMATIVO,20th,alto,no,https://en.numista.com/9337
SCOUT-104,"Germania definitive stamp (10 Pfennig, Deutsches Reich)",DE,1900-1920,selo,Germania,NORMATIVO,19th,alto,no,https://colnect.com/en/stamps/stamp/179248
SCOUT-106,1 Piastre de Commerce — French Indochina (Marianne seated),FR,1885-1928,moeda,"Marianne / La République (seated, colonial)",MILITAR,19th,alto,no,https://en.numista.com/11287
SCOUT-107,"La Semeuse (15 centimes, type Roty) — selo definitivo francês",FR,1903-1960,selo,La Semeuse (Marianne semeadora),NORMATIVO,20th,alto,no,https://colnect.com/en/stamps/list/country/74-France/year/1903
SCOUT-108,½ Penny — William III (1st issue) / Britannia seated (earliest coin),UK,1695-1698,moeda,"Britannia (seated, earliest coin appearance)",FUNDACIONAL,17th,alto,no,https://en.numista.com/catalogue/pieces90365.html
SCOUT-109,1 Cruzeiro (cédula) — Efígie da República (2ª edição),BR,1970-1972,papel-moeda,A República (efígie em medalha),NORMATIVO,20th,alto,no,https://en.numista.com/catalogue/note203551.html
SCOUT-110,50 Mark Reichsbanknote (24 Jun. 1919) — última cédula imperial / primeira Weimar,DE,1919,papel-moeda,Allegorical female figure (transitional),FUNDACIONAL,20th,medio,no,https://en.numista.com/catalogue/note202186.html
SCOUT-111,20 Francs Banque du Congo Belge — Allegory of Europe + African woman,BE,1912-1937,papel-moeda,Allegory of Europe / La Belgique (colonial),MILITAR,20th,alto,no,https://en.numista.com/catalogue/note258714.html
SCOUT-112,100 Francs Banque du Congo Belge — Allegory of Europe kneeling,BE,1912-1929,papel-moeda,Allegory of Europe (kneeling) + African boys,MILITAR,20th,alto,no,https://en.numista.com/258715
SCOUT-113,Monument aux Pionniers Belges au Congo — 'La race noire accueillie par la Belgique',BE,1911-1921,monumento,"La Belgique (seated, colonial) + African woman and children",MILITAR,20th,alto,no,https://en.wikipedia.org/wiki/Monument_to_the_Belgian_Pioneers_in_Congo
SCOUT-114,Science Presenting Steam and Electricity to Commerce and Manufacture — $2 Silver Certificate,US,,papel-moeda,Columbia / Science / Progress,normativo,19th,alta,no,https://americanhistory.si.edu/collections/object/nmah_1817050
SCOUT-115,Electricity Presenting Light to the World — $5 Silver Certificate,US,,papel-moeda,Columbia / Electricity / Progress,normativo,19th,alta,no,https://americanhistory.si.edu/collections/object/nmah_1816788
SCOUT-116,"Semeuse 1 Franc — Oscar Roty silver coin, Third Republic",FR,,moeda,Republic,normativo,19th,alta,no,https://en.numista.com/catalogue/pieces682.html
SCOUT-117,Notgeld Bielefeld — Jungbrunnen (Fountain of Youth) silk note 1921,DE,,papel-moeda,Generic allegory / Fountain of Youth,fundacional,20th,media,no,
SCOUT-118,"50 Mark Reichsbanknote — Germania as Young Girl (Weimar, 1919)",DE,,papel-moeda,Germania,fundacional,20th,alta,no,https://www.numizon.com/en/banknote/germany-reichsbanknotes-50-mark-type-1919-pick-66/deu-p66/
SCOUT-118,1 Florin — Britannia Standing on Ship Prow (Edward VII),UK,1902-1910,moeda,Britannia,NORMATIVO,20th,alto,no,https://collections.museumsvictoria.com.au/items/77020
SCOUT-119,"50 Reichspfennig — Woman Planting Oak Sapling (Weimar, 1924)",DE,,moeda,Germania / Woman Planting Oak,fundacional,20th,alta,no,https://en.numista.com/catalogue/pieces2546.html
SCOUT-119,"1000 Réis — Efígie da República (Brasil, 1906–1912)",BR,1906-1912,moeda,A República,NORMATIVO,20th,alto,no,https://en.numista.com/catalogue/pieces14484.html
SCOUT-120,Germania — Série definitiva Deutsches Reich 5pf (1900–1922),DE,1900-1922,selo postal,Germania,NORMATIVO,19th,alto,no,https://upload.wikimedia.org/wikipedia/commons/e/e2/Germania5pf1900.jpg
SCOUT-121,Semeuse — Série de selos definitivos França (1903–1938),FR,1903-1938,selo postal,La République / Semeuse,NORMATIVO,20th,alto,no,https://colnect.com/en/stamps/list/country/74-France/series/68206-Semeuse_solid_background
SCOUT-124,"1 Penny — Britannia Seated, Helmeted (George V, 1912)",UK,1911-1936,moeda,Britannia,NORMATIVO,20th,alto,no,https://collections.museumsvictoria.com.au/items/57610
SCOUT-125,"2000 Réis — Efígie da República com Barrete Frígio (Brasil, 1906–1913)",BR,1906-1913,moeda,A República,NORMATIVO,20th,medio,no,https://en.numista.com/catalogue/pieces14489.html
SCOUT-126,"10 Pfennig Germania — Deutsches Reich (Weimar Republic, Mi.141, 1920)",DE,1920-1921,selo,Germania,NORMATIVO,20th,alto,no,https://commons.wikimedia.org/wiki/File:DR_1920_141_Germania.jpg
SCOUT-127,"10 Centimes Semeuse Camée — Fond Plein sans Sol (France, 1906)",FR,1906-1941,selo,La Semeuse,NORMATIVO,20th,medio,no,https://commons.wikimedia.org/wiki/Category:Semeuse_on_stamps
SCOUT-204,Proclamação da República — litografia de Angelo Agostini,BR,1889-11,estampa,A República,FUNDACIONAL,19th,medio,no,https://memoria.bn.br/DocReader/Hotpage/HotpageBN.aspx?bib=094078&pagfis=4&url=http://memoria.bn.br/docreader
SCOUT-205,Frontispício do Decreto n.º 1 — Governo Provisório (1889),BR,1889-11,frontispicio,A República,FUNDACIONAL,19th,medio,no,http://docvirt.com/docreader/DocReader.aspx?bib=ACDigital&pagfis=11894
SCOUT-206,"Medalha comemorativa da Proclamação da República (Casa da Moeda, 1890)",BR,1890,medalha,A República,FUNDACIONAL,19th,medio,no,https://www.brasilianaiconografica.art.br/obras/12345/medalha-da-proclamacao-da-republica
SCOUT-301,"Lady Justice (F.W. Pomeroy) — Old Bailey, Central Criminal Court, London",UK,1906,monumento,Justitia / Lady Justice,NORMATIVO,20th,alto,no,
SCOUT-302,"Justitia entronizada — Reichsgerichtsgebäude, Leipzig (Otto Lessing)",DE,1895,monumento,Justitia (dupla: libertadora e punitiva),NORMATIVO,19th,alto,no,
SCOUT-303,"A Justiça (Alfredo Ceschiatti) — STF, Praça dos Três Poderes, Brasília",BR,1961,monumento,Têmis / A Justiça,NORMATIVO,20th,alto,no,
SCOUT-304,"The Republic (Daniel Chester French) — World's Columbian Exposition, Chicago",US,1893,monumento,Columbia / A República,FUNDACIONAL,19th,alto,no,
SCOUT-305,"Cariátides alegóricas (Prudence, Justice, Innocence, Force) — Palais de Justice, Paris",FR,1868,monumento,Justitia / Prudence / Innocence / Force,NORMATIVO,19th,alto,no,
SCOUT-306,"Gerechtigkeitsbrunnen — Fonte da Justiça, Berna (Hans Gieng)",CH,1543,monumento,Justitia vendada (primeira representação conhecida),FUNDACIONAL,16th,alto,no,
SCOUT-307,Germania — selo definitivo do Deutsches Reich (Waldraff / Führing),DE,1900–1922,selo postal,Germania,NORMATIVO,19th,alto,no,
SCOUT-308,Cérès — primeiro selo da República Francesa (Jacques-Jean Barre),FR,1849–1852,selo postal,Cérès / La République,FUNDACIONAL,19th,alto,no,
SCOUT-309,Mulready Stationery — Britannia dirigindo cartas ao Império (William Mulready),UK,1840,selo postal,Britannia (dirigindo o correio imperial),FUNDACIONAL,19th,alto,no,
SCOUT-310,Seahorse High Values — Britannia em biga marinha (Bertram Mackennal),UK,1913–1934,selo postal,Britannia (em biga naval imperial),MILITAR,20th,alto,no,
SCOUT-311,Série Personalidades e Alegoria da Liberdade — selo definitivo brasileiro (1906–1917),BR,1906,selo postal,A República / Liberdade,NORMATIVO,20th,alto,no,
SCOUT-312,"20 Francs Marianne-Coq — Jules-Clément Chaplain (Ouro, Terceira República)",FR,1899–1914,moeda,Marianne / La République,NORMATIVO,19th,alto,no,
SCOUT-313,"Cartwheel Penny — Britannia sentada com tridente (Boulton, Soho Mint)",UK,1797,moeda,"Britannia (sentada, com tridente — primeira vez)",NORMATIVO,18th,alto,no,
SCOUT-314,Standing Liberty Quarter — Hermon A. MacNeil (seio exposto → censurado),US,1916–1930,moeda,"Liberty (de pé, com escudo e oliveira)",NORMATIVO,20th,alto,no,
SCOUT-315,Morgan Dollar — Liberty com barrete frígio (George T. Morgan / Anna W. Williams),US,1878–1921,moeda,Liberty (cabeça com barrete frígio),NORMATIVO,19th,alto,no,
SCOUT-316,500 Réis República — primeira cunhagem republicana brasileira,BR,1889,moeda,A República / Liberdade,FUNDACIONAL,19th,alto,no,
SCOUT-318,Piastre de Commerce — Marianne sentada com fasces (Indochina Francesa),FR,1885–1895,moeda,"Marianne / La République (sentada, fasces, coroa radiada)",MILITAR,19th,alto,no,
SCOUT-319,Femmes indochinoises — selo definitivo Indochina (substituição da alegoria europeia),FR,1907,selo postal,Mulheres indígenas (substituem alegoria europeia),NORMATIVO,20th,alto,no,
SCOUT-320,"Le Triomphe de la Republique -- Ode triomphale, Fetes du Centenaire de 1789",FR,,cartaz,La République,fundacional,19th,,no,https://gallica.bnf.fr/ark:/12148/btv1b9012156x/f1.item
SCOUT-320,Seated Britannia — selo colonial Barbados / Maurício / Trinidad (Perkins Bacon),UK,1852,selo postal,Britannia (sentada — exportada para três colônias caribenhas),NORMATIVO,19th,alto,no,
SCOUT-321,Hope Seated — selo triangular do Cabo da Boa Esperança (Charles Davidson Bell),UK,1853,selo postal,Hope (Esperança — alegoria colonial específica),NORMATIVO,19th,alto,no,
SCOUT-321,"Statue of the Republic -- World's Columbian Exposition, Chicago",US,,monumento,Columbia,normativo,19th,,no,https://www.loc.gov/item/2011630457
SCOUT-322,"Cérès colonial — selo tipo definitivo português (Moçambique, Angola, Timor)",PT,1913–1945,selo postal,Cérès (exportação republicana para colônias),NORMATIVO,20th,alto,no,
SCOUT-322,One Penny -- Victoria Veiled Head / Britannia Seated with Trident,UK,,moeda,Britannia,normativo,19th,,no,https://en.numista.com/catalogue/pieces670.html
SCOUT-323,Polidore de Caravage Salles du Vatican á Rome; [Deux femmes de profil; La Justice] [Zwei Frauen im Profil; Allegorie der Gerechtigkeit],FR,,indeterminado,Justice,INDETERMINADO,,medio,no,http://kk.haum-bs.de/?id=saint-non-j-c-r-d-ab3-0145
SCOUT-324,"Figures allégories de Vertus et de l'Ancien Testament : Enoch, allégorie de la Diligence, Mathusalem et allégorie de la Justice",FR,,indeterminado,Justice,INDETERMINADO,,medio,no,http://balat.kikirpa.be/object/10134533
SCOUT-325,Allégorie : le perron avec ses deux blasons muets entre la Force et la Prudence ; au-dessus plane la Justice,FR,,indeterminado,Justice,INDETERMINADO,,medio,no,http://balat.kikirpa.be/object/10130401
SCOUT-326,Mourning allegories of peace and justice,FR,,indeterminado,Justice,INDETERMINADO,,medio,no,http://kk.haum-bs.de/?id=z-01383
SCOUT-327,"[Allegorie auf die Gerechtigkeit, die Barmherzigkeit und den Frieden; Allegory on justice, charity and peace]",FR,,indeterminado,Justice,INDETERMINADO,,medio,no,http://kk.haum-bs.de/?id=jansz-e-ab2-0001
SCOUT-328,"[Allégories des vertus]. [2], [La Justice] : [dessin] / [Baptiste Pellerin]",FR,1560-1570,indeterminado,Justice,INDETERMINADO,16th,medio,no,https://gallica.bnf.fr/ark:/12148/btv1b53234029x
SCOUT-329,"[Allegory with Justitia and Pax in a cart in front of Albert and Isabella of Austria, Moritz of Orange, Spinola and other persons; Allegory with Justitia and Pax on a Car before Albert and Isabella of Austria, Maurice of Orange, Spinola and other Persons]",FR,,indeterminado,Justitia,INDETERMINADO,,medio,no,http://kk.haum-bs.de/?id=bosche-e-v-d-ab2-0002
SCOUT-330,Allegory of the French Republic,FR,1892,monumento,Republic,INDETERMINADO,19th,medio,no,https://www.metmuseum.org/art/collection/search/208134
SCOUT-331,Medal,UK,1897,medalha,Britannia,INDETERMINADO,19th,medio,no,https://collections.vam.ac.uk/item/O77466
SCOUT-332,Design for the ceiling of the Great Hall at Blenheim,UK,ca. 1716,indeterminado,Britannia,INDETERMINADO,18th,medio,no,https://collections.vam.ac.uk/item/O190041
SCOUT-333,model for reverse for the 1851 Exhibition Prize Medal,UK,1851,medalha,Britannia,INDETERMINADO,19th,medio,no,https://collections.vam.ac.uk/item/O102162
SCOUT-334,Model,UK,1851,indeterminado,Britannia,INDETERMINADO,19th,medio,no,https://collections.vam.ac.uk/item/O102163
SCOUT-335,Plaque,UK,1798,indeterminado,Britannia,INDETERMINADO,18th,medio,no,https://collections.vam.ac.uk/item/O1242380
SCOUT-336,The Cowper Seal Cups,UK,ca. 1714,indeterminado,Britannia,INDETERMINADO,18th,medio,no,https://collections.vam.ac.uk/item/O1261189
SCOUT-337,Fan,UK,ca. 1745,indeterminado,Britannia,INDETERMINADO,18th,medio,no,https://collections.vam.ac.uk/item/O126326
SCOUT-338,[Gerechtigkeit; Justice],FR,,indeterminado,Justice,INDETERMINADO,,baixo,no,http://kk.haum-bs.de/?id=visscher-n-exc-ab3-0013
SCOUT-339,La Sagesse et la Justice,FR,,indeterminado,Justice,INDETERMINADO,,baixo,no,http://kk.haum-bs.de/?id=bonnet-l-m-ab3-0035
SCOUT-340,Iusticia [justice],FR,,indeterminado,Justice,INDETERMINADO,,baixo,no,http://kk.haum-bs.de/?id=briot-i-wb3-0005
SCOUT-341,N° 5 - Take up the sword of justice,FR,1920,indeterminado,Justice,MILITAR,20th,baixo,no,http://gallica.bnf.fr/ark:/12148/btv1b10051600t
SCOUT-342,The old age with the image of justice,FR,,indeterminado,Justice,INDETERMINADO,,baixo,no,http://kk.haum-bs.de/?id=j-e-nilson-ab3-0029
SCOUT-343,Putti als Allegorien der Gerechtigkeit und der Klugheit,FR,,indeterminado,Alegoria feminina,INDETERMINADO,,baixo,no,http://www.bildindex.de/document/obj20455031
SCOUT-344,"[La Justice, la Vengeance et la Vérité] : [estampe] / F. Chifflart",FR,1865,selo,Justice,NORMATIVO,19th,baixo,no,http://gallica.bnf.fr/ark:/12148/btv1b531737635
SCOUT-345,Solimene Sacristie de L'Eglise de Saint Paul a Naples; [Allegorie der Gerechtigkeit],FR,,indeterminado,Alegoria feminina,INDETERMINADO,,baixo,no,http://kk.haum-bs.de/?id=saint-non-j-c-r-d-ab3-0211
SCOUT-346,Justitia (Gerechtigkeit),FR,,indeterminado,Justitia,INDETERMINADO,,baixo,no,http://www.deutschefotothek.de/documents/obj/72066905
SCOUT-347,[Justitia; Justice],FR,,indeterminado,Justitia,INDETERMINADO,,baixo,no,http://kk.haum-bs.de/?id=matham-j-kopie-ab3-0004
SCOUT-348,Iustitia Prudentia [Gerechtigkeit und Klugheit; Justice and Prudence; Rechtvaardigheid en Voorzichtigheid],FR,,indeterminado,Justice,INDETERMINADO,,baixo,no,http://kk.haum-bs.de/?id=goltzius-h-ab3-0031
SCOUT-349,The Sun of Justice,FR,,indeterminado,Justice,INDETERMINADO,,baixo,no,http://kk.haum-bs.de/?id=a-duerer-wb3-0130
SCOUT-350,GRAND JUGE ET MINISTRE DE LA JUSTICE : [en tête de page : [estampe] / Gautherot del. ; B. Roger Sc.,FR,,selo,Justice,NORMATIVO,,baixo,no,http://gallica.bnf.fr/ark:/12148/btv1b8412925w
SCOUT-351,"18/1/33, [de gauche à droite] M. Mistler [sous-secrétaire d'Etat aux Beaux-Arts], M. [Pierre-Marie] Poisson [sculpteur de la nouvelle Marianne] : [photographie de presse] / [Agence Rol]",FR,1933,indeterminado,Marianne,INDETERMINADO,20th,baixo,no,https://gallica.bnf.fr/ark:/12148/btv1b532646114
SCOUT-352,"9-4-33, [reconstitution historique de la période révolutionnaire, quartier Rivoli-Bastille], les Mariannes [sur un char] : [photographie de presse] / [Agence Rol]",FR,1933,indeterminado,Marianne,FUNDACIONAL,20th,baixo,no,https://gallica.bnf.fr/ark:/12148/btv1b53269527k
SCOUT-353,[La Justice] : [estampe],FR,15..-1584,selo,Justice,NORMATIVO,16th,baixo,no,https://gallica.bnf.fr/ark:/12148/btv1b55001927d
SCOUT-354,"[Allégorie en l'honneur de Jules Mazarin (1602-1661)] : [estampe] ([1er état]) / Greg. Huret, jnu. et f. Cum Priuil.",FR,1645-1660,selo,Alegoria feminina,NORMATIVO,17th,baixo,no,https://gallica.bnf.fr/ark:/12148/btv1b53254750d
SCOUT-355,"[La Justice entre la Charité et la Force] : [dessin] / [anonyme des Pays-Bas, XVIIIe siècle]",FR,1710,indeterminado,Justice,INDETERMINADO,18th,baixo,no,https://gallica.bnf.fr/ark:/12148/btv1b53240455t
SCOUT-356,[Allégorie en l'honneur de Louis XIII (1601-1643)] : [estampe] ([Seul état connu]) / Greg. Huret jnuen. et fe.,FR,1640-1643,selo,Alegoria feminina,NORMATIVO,17th,baixo,no,https://gallica.bnf.fr/ark:/12148/btv1b8402182w
SCOUT-357,[Les péchés capitaux] ; [1]. [La Justice] : [estampe] CON FRINGE . EOS. VIRGA FERREA ; SVB . PENNIS . EIVS . TVTVS . ERO. // . L . PENNIS . R .,FR,1547,selo,Justice,NORMATIVO,16th,baixo,no,https://gallica.bnf.fr/ark:/12148/btv1b53250287h
SCOUT-358,[Le Dauphin dans les bras de la Foi entre la Force et la Justice] : [estampe] / ABosse jn et sculp,FR,1662,selo,Justice,NORMATIVO,17th,baixo,no,https://gallica.bnf.fr/ark:/12148/btv1b531287227
SCOUT-359,"La Province de Berry. La Généralité de Bourges, ou sont les Eslections de Bourges d'Yssoudun de Chau-roux, du Blanc, de La Chastre, de St. Amand et de la Charité / Dédiée A Messire Nicolas Estienne Roujault, Chevalier Conseiller du Roy en ses Conseils, Maistre des Requestes ordinaire de Son hôtel Intendant de Justice Police et Finance en la Généralité de Bourges ; Par... A. Hubert Iaillot...",FR,1707,indeterminado,Justice,INDETERMINADO,18th,baixo,no,https://gallica.bnf.fr/ark:/12148/btv1b59718546
SCOUT-360,"D'une vapeur infernale qui couvre le palais de nos rois, sortent la chimère tenant un sceptre, le fanatisme philosophique élevant comme livres sacrés Rousseau et Voltaire : la folie la discorde, la férocité, la vengeance et la mort les accompagnent. Louis entouré de la douceur, de la bonne foi, de la justice et de la bienfaisance ne voit pas ces monstres. Près de lui la force est endormie et l'amour de la paix enchaine Hercule tandis que masqués par la fourberie, l'ambition, l'impiété, et l'avarice scient les appuis de son trône : [estampe] / [non identifié]",FR,1791,selo,Justice,NORMATIVO,18th,baixo,no,https://gallica.bnf.fr/ark:/12148/btv1b84114624
SCOUT-361,State of ambiguity : civic life and culture in Cuba's first republic,BR,2014-01-01,estampa,Republic,INDETERMINADO,21th,baixo,no,https://www.loc.gov/item/2020719663/
SCOUT-362,"Report of the United States Commission to the Columbian Historical Exposition at Madrid, 1892-1893, with special papers",BR,1895,indeterminado,Columbia,INDETERMINADO,19th,baixo,no,https://www.loc.gov/item/2024771974/
SCOUT-363,"Hail! Glorious banner of our land Respectfully inscribed to Major General George B. McClellan - By Mrs. Mary Farrell Moore, Cincinnati, Ohio, July 4th 1861 /",US,1861-01-01,estampa,Columbia,MILITAR,19th,medio,no,https://www.loc.gov/item/91721286/
SCOUT-364,The blessings of victory,US,1864-01-01,estampa,Columbia,MILITAR,19th,medio,no,https://www.loc.gov/item/2022631575/
SCOUT-365,Justice to the Jew : the story of what he has done for the world,US,1900,indeterminado,Justice,INDETERMINADO,19th,baixo,no,https://www.loc.gov/item/08030546/
SCOUT-366,"An encyclopedist of the dark ages : Isidore of Seville,",US,1912,indeterminado,Columbia,INDETERMINADO,20th,baixo,no,https://www.loc.gov/item/12018646/
SCOUT-367,"Saint Tammany and the origin of the Society of Tammany, or Columbian order in the city of New York,",US,1913,indeterminado,Columbia,INDETERMINADO,20th,baixo,no,https://www.loc.gov/item/13016362/
SCOUT-406,"Alegorias do Palácio do Catete — esculturas Val d'Osne (República, Justiça, Agricultura)",BR,1899-1910,monumento/escultura,"A República, A Justiça, Agricultura",FUNDACIONAL,19th,alto,no,https://museudarepublica.museus.gov.br/wp-content/uploads/2013/10/republica-em-documentos_colecao-de-alegorias_web.pdf
SCOUT-407,Alegorias do Palácio Anchieta — esculturas de Pedro Gianordoli (Vitória/ES),BR,1912,monumento/escultura,Alegorias das Estações e da Indústria,NORMATIVO,20th,alto,no,https://commons.wikimedia.org/wiki/File:Pal%C3%A1cio_Anchieta_Escadaria_B%C3%A1rbara_Monteiro_Lindenberg_Vit%C3%B3ria_Esp%C3%ADrito_Santo_2019-4708.jpg
SCOUT-408,"Eliseu Visconti — A Lei Áurea (projeto para selo dos Correios, 1904)",BR,1903,estampa/selo postal,Alegoria da Lei Áurea / Abolição,NORMATIVO,20th,alto,no,https://commons.wikimedia.org/wiki/File:EliseuVisconti-A813-A_Lei_%C3%81urea_%E2%80%93_Projeto_para_selo_integrante_da_cole%C3%A7%C3%A3o_vencedora_do_Concurso_dos_Correios_de_1904.jpg
SCOUT-409,"Eliseu Visconti — A Mulher Brasileira (projeto para selo dos Correios, 1904)",BR,1903,estampa/selo postal,A Mulher Brasileira — personificação nacional,NORMATIVO,20th,alto,no,https://commons.wikimedia.org/wiki/File:EliseuVisconti-A814-A_Mulher_Brasileira_%E2%80%93_Projeto_para_selo_integrante_da_cole%C3%A7%C3%A3o_vencedora_do_Concurso_dos_Correios_de_1904.jpg
SCOUT-410,Selo Cabeça da Liberdade — Thesouro Nacional (1891),BR,1891,selo postal,Liberdade / República,FUNDACIONAL,19th,alto,no,https://commons.wikimedia.org/wiki/File:Stamp_of_Brazil_-_1891_-_Colnect_811739_-_Liberty_thesouro_nacional.jpeg
SCOUT-411,Brasiliana / Braziliana — personificação nacional feminina por J.B. Debret,BR,c. 1820,estampa/gravura,Brasiliana — personificação do Brasil,FUNDACIONAL,19th,alto,no,https://commons.wikimedia.org/wiki/File:Braziliana_ou_Brasiliana(Brazil_National_personification)_by_J_B_Debret.jpg
SCOUT-412,Alegoria à Lei do Ventre Livre (A.D. Bressae) — NYU Faculty Digital Archive,BR,c. 1871,estampa/gravura,Alegoria da Lei do Ventre Livre,FUNDACIONAL,19th,medio,no,https://archive.nyu.edu/handle/2451/61367
SCOUT-413,20.000 Réis Ouro — Efígie da República com Barrete Frígio (1889–1922),BR,1889-1922,moeda,A República / Efígie da República,FUNDACIONAL,19th,alto,no,https://en.numista.com/catalogue/pieces36131.html
SCOUT-414,A República nos braços de Floriano,BR,1891,estampa,A República,NORMATIVO,19th,alto,no,https://hemerotecadigital.bn.br/acervo-digital/revista-illustrada/332747
SCOUT-415,O mundo às avessas: voto feminino,BR,1917,estampa,Contra-alegoria,CONTRA-ALEGORIA,20th,alto,no,http://memoria.bn.br/docreader/116300/4346
SCOUT-416,A República em Leilão,BR,1904,estampa,A República,NORMATIVO,20th,alto,no,http://memoria.bn.br/DocReader/116300/4346
SCOUT-417,O Dia de Amanhã (Alegoria da República),BR,1889,estampa,A República,FUNDACIONAL,19th,alto,no,https://hemerotecadigital.bn.br/acervo-digital/o-mequetrefe/702390
SCOUT-418,100 Réis — Liberty (Série MCMI),BR,1901,moeda,Liberty / A República,NORMATIVO,20th,alto,no,https://en.numista.com/catalogue/pieces4333.html
SCOUT-419,200 Réis — Liberty (Série MCMI),BR,1901,moeda,Liberty / A República,NORMATIVO,20th,alto,no,https://en.numista.com/catalogue/pieces6440.html
SCOUT-420,400 Réis — Liberty (Série MCMI),BR,1901,moeda,Liberty / A República,NORMATIVO,20th,alto,no,https://en.numista.com/catalogue/pieces6773.html
SCOUT-421,"500 Réis — Efígie da República (prata, 1912)",BR,1912,moeda,A República,NORMATIVO,20th,alto,no,https://en.numista.com/catalogue/pieces14481.html
SCOUT-422,"1000 Réis — Efígie da República (prata .917, emissão inaugural 1889)",BR,1889,moeda,A República,FUNDACIONAL,19th,alto,no,https://en.numista.com/catalogue/pieces36319.html
SCOUT-423,50 Mil Réis — Cédula do Banco do Brazil (1890),BR,1890,cedula,"Alegoria do Governo, Alegoria da Justiça, Efígie da Liberdade",FUNDACIONAL,19th,alto,no,https://www.worldbanknotescoins.com/2015/02/brazil-50-mil-reis-banknote-1890-banco-do-brazil.html
SCOUT-424,20 Mil Réis — Cédula do Banco da República dos Estados Unidos do Brazil (c. 1890),BR,1890-1893,cedula,Alegoria da Liberdade,FUNDACIONAL,19th,medio,no,https://en.numista.com/catalogue/note222815.html
SCOUT-425,Alegoria da República Brasileira — Revista Illustrada (Angelo Agostini),BR,1889,estampa/gravura,A República,FUNDACIONAL,,alto,no,
SCOUT-426,Alegoria a Republica — Capa da Revista Illustrada n. 566 (Angelo Agostini),BR,1889,estampa/gravura,A República,FUNDACIONAL,19th,alto,no,
SCOUT-427,"Alegoria da Republica — Manoel Lopes Rodrigues (oleo sobre tela, 1896)",BR,1896,estampa/gravura,A República,NORMATIVO,,alto,no,
SCOUT-428,Alegoria a Lei de 13 de Maio de 1888 (estudo) — Decio Villares,BR,c. 1888,estampa/gravura,A República,FUNDACIONAL,,alto,no,
SCOUT-429,"Suffragistas — Fon-Fon, 16 de maio de 1914",BR,1914,estampa/gravura,A República,NORMATIVO,,alto,no,
SCOUT-430,"O Feminismo Triumphante — Revista da Semana, 20 maio 1933",BR,1933,estampa/gravura,A República,FUNDACIONAL,,alto,no,
SCOUT-431,"Republique de Clesinger (fotografia de demonstracao, Atelier Nadar)",FR,1900,estampa/gravura,marianne,NORMATIVO,19th,alto,no,
SCOUT-432,Unite indivisibilite de la Republique (j'ai rompu mes chaines vive la liberte),FR,1793-1794,estampa/gravura,marianne,FUNDACIONAL,,alto,no,
SCOUT-433,"Buste de la Republique (serie de 4 fotografias, Agence Rol)",FR,1916,estampa/gravura,marianne,NORMATIVO,20th,alto,no,
SCOUT-434,"Liberte (Moitte/Janinet) — gravura colorida, 1792",FR,1792,estampa/gravura,marianne,FUNDACIONAL,,alto,no,
SCOUT-435,La Republique (en hauteur) — Exposicao Internacional de Paris 1889,FR,1889,monumento,marianne,NORMATIVO,19th,alto,no,
SCOUT-436,"Etude pour le 1er mai? (Steinlen, 1894)",FR,1894,estampa/gravura,marianne,FUNDACIONAL,,alto,no,
SCOUT-437,As Estátuas Fallando (The Statues Speaking) — Justiça,BR,1827,escultura,Justitia,FUNDACIONAL,19th,baixo,yes,http://memoria.bn.br/pdf/702390/per702390_1827_00060.pdf
SCOUT-438,"Penny — Britannia Seated with Trident, Helmet and Shield",UK,1860-1894,moeda,Britannia,INDETERMINADO,19th,baixo,yes,https://en.numista.com/catalogue/pieces3377.html
SCOUT-439,Illustrations de Calendrier et compost des bergiers (Danse macabre — female Justice figure),FR,1531,estampa,Justitia,FUNDACIONAL,16th,baixo,yes,https://gallica.bnf.fr/services/engine/search/sru?query=justice+symbole+femme&filter=dc.type+all+%22image%22
SCOUT-442,Die Wage der Macht / La balance de la puissance,US,1780,estampa,Justitia,FUNDACIONAL,18th,baixo,yes,https://www.loc.gov/item/2004673370/
SCOUT-443,The French Crisis: Madame La République,FR,1887,estampa,La République,NORMATIVO,19th,baixo,yes,https://gallica.bnf.fr/ark:/12148/btv1b8438243t
SCOUT-444,L'Empire c'est la paix,FR,1870,estampa,Peace,CONTRA-ALEGORIA,19th,baixo,yes,https://www.metmuseum.org/art/collection/search/757135
SCOUT-445,Behold! a fabric now to freedom rear'd (Constitutional allegory),US,1788,estampa,Constitution,FUNDACIONAL,18th,baixo,yes,https://www.loc.gov/item/2004676797/
SCOUT-446,Hedwig Reicher as Columbia in suffrage pageant,US,1913,fotografia,Columbia,NORMATIVO,20th,baixo,yes,https://www.loc.gov/item/97510759/
SCOUT-447,Emprunt national 1920 (Banque Nationale de Paris et des Pays-Bas),FR,1920,cartaz,Marianne,NORMATIVO,20th,baixo,yes,https://www.europeana.eu/en/item/9200518/ark__12148_btv1b10051241d
SCOUT-448,"La Justice, la Vengeance et la Vérité",FR,1865,estampa,Justitia,FUNDACIONAL,19th,baixo,yes,https://gallica.bnf.fr/ark:/12148/btv1b531737635
SCOUT-449,Die Göttin der Gerechtigkeit nach dem heutigen Geschmacke,DE,18th century,estampa,Justitia,FUNDACIONAL,18th,baixo,yes,https://www.bildindex.de/document/obj30110594
SCOUT-450,"Gerechtigkeitsbrunnen mit Plastik der Justitia (Hans Gieng, 1543)",CH,1543,escultura,Justitia,FUNDACIONAL,16th,baixo,yes,https://www.bildindex.de/document/que20183316
SCOUT-451,République Française: 3e Emprunt de la Défense nationale,FR,1917,cartaz,La République,MILITAR,20th,baixo,yes,https://www.europeana.eu/en/item/9200518/ark__12148_btv1b10051217v
SCOUT-452,Marianne enseignant l'alphabet à des enfants (naïades et Marianne),FR,1859–1910,selo,Marianne,NORMATIVO,19th,baixo,yes,https://gallica.bnf.fr/ark:/12148/btv1b10574064v
SCOUT-453,Rechtvaardigheid (Justitia),NL,1597,estampa,Justitia,FUNDACIONAL,16th,baixo,yes,https://www.rijksmuseum.nl/en/collection/RP-P-OB-27.124
SCOUT-454,Gerechtigkeit (Allegory of Justice) by Lucas Cranach the Elder,DE,1537,pintura,Justitia,FUNDACIONAL,16th,baixo,yes,https://lucascranach.org/en/PRIVATE_NONE-P457/
SCOUT-455,Zeichnet 8. Kriegsanleihe,AT,1918,cartaz,Justitia,MILITAR,20th,baixo,yes,https://www.loc.gov/item/2004666193/
SCOUT-456,"Lady Justice (F.W. Pomeroy, Old Bailey, London)",UK,1907,escultura,Justitia,NORMATIVO,20th,baixo,yes,http://www.speel.me.uk/sculptlondon/oldbaileyjustice.htm
SCOUT-457,"En avant! Armée de l'Épargne, c'est pour la Patrie",FR,1916,cartaz,Marianne,MILITAR,20th,baixo,yes,https://www.europeana.eu/en/item/9200518/ark__12148_btv1b100506817
SCOUT-458,Piastre de Commerce — Marianne Assise avec Fasces,FR,1885-1928,moeda,Marianne,INDETERMINADO,19th,baixo,yes,https://en.numista.com/catalogue/pieces4510.html
SCOUT-459,Allegorie: Justitia (Marcantonio Raimondi),IT,Early 16th century,estampa,Generic allegory,FUNDACIONAL,16th,baixo,yes,https://www.bildindex.de/document/obj08158050
SCOUT-461,"Wake up America! Civilization calls every man, woman and child!",US,1917,cartaz,Columbia,MILITAR,20th,baixo,yes,https://www.loc.gov/item/91726511/
SCOUT-462,Le triomphe de la Justice et de la Vérité,FR,1865,estampa,Justitia,FUNDACIONAL,19th,baixo,yes,https://gallica.bnf.fr/ark:/12148/btv1b531737529
SCOUT-463,Justice and History (plaster model for US Capitol),US,c. 1860,fotografia,Justitia,NORMATIVO,19th,baixo,yes,https://www.loc.gov/item/2009631377/
SCOUT-464,Barocke Holzdecke: Personifikation der Gerechtigkeit,DE,1660–1780,medalha,Justitia,FUNDACIONAL,17th,baixo,yes,https://www.bildindex.de/document/obj20672587
SCOUT-465,Le hochet de la République (Jean Veber),FR,1868–1928 (artist's active period),estampa,La République,NORMATIVO,19th,baixo,yes,https://www.europeana.eu/en/item/9200518/ark__12148_btv1b8577646g
SCOUT-466,Columbia calls—Enlist now for U.S. Army,US,1917,cartaz,Columbia,MILITAR,20th,baixo,yes,https://www.loc.gov/item/95506508/
SCOUT-467,5 Francs — 50 ans de Belgique: La Belgique avec Constitution et Lion,BE,1880,moeda,Constitution,INDETERMINADO,19th,baixo,yes,https://en.numista.com/catalogue/pieces27258.html
SCOUT-468,Female Allegory (Pierre Puvis de Chavannes),FR,19th century,estampa,Generic allegory,NORMATIVO,19th,baixo,yes,https://www.europeana.eu/en/item/15508/DG1918_7
SCOUT-469,Fight or Buy Bonds — Third Liberty Loan,US,1917,cartaz,Liberty,MILITAR,20th,baixo,yes,https://www.loc.gov/item/2002708939/
SCOUT-470,Vrouwe Justitia voor het oordeel van Zaleucus en het oordeel van Cambyses,NL,1590–1638,estampa,Justitia,FUNDACIONAL,16th,baixo,yes,https://www.rijksmuseum.nl/en/collection/RP-P-1883-A-6992
SCOUT-471,Buste de la République (Agence Rol),FR,Early 20th century,escultura,La République,NORMATIVO,20th,baixo,yes,https://www.europeana.eu/en/item/9200518/ark__12148_btv1b6952880n
SCOUT-472,Semeuse — Selo Definitivo da República Francesa (Oscar Roty / Mouchon),FR,1903-1960,moeda,Republic,INDETERMINADO,20th,baixo,yes,https://en.wikipedia.org/wiki/Sowing_(Oscar_Roty)
SCOUT-473,Take Up the Sword of Justice,UK,1915,cartaz,Justitia,MILITAR,20th,baixo,yes,https://www.iwm.org.uk/collections/item/object/21133
SCOUT-474,Justitia an der Rathausuhr (Esslingen),DE,1589,escultura,Justitia,FUNDACIONAL,16th,baixo,yes,https://www.bildindex.de/document/obj20553978
SCOUT-475,America pois'd in the balance of justice,US,1776,estampa,Justitia,FUNDACIONAL,18th,baixo,yes,https://www.loc.gov/item/2004673327/
SCOUT-476,Justitia (marble head from Porta di Capua),IT,1239–1240,escultura,Justitia,FUNDACIONAL,13th,baixo,yes,https://www.bildindex.de/document/obj08148970
SCOUT-477,Rechtvaardigheid (Justitia) / Iustitia,NL,1585–1637,estampa,Justitia,FUNDACIONAL,16th,baixo,yes,https://www.rijksmuseum.nl/en/collection/RP-P-1882-A-6499
SCOUT-479,Woman holding sword and scales of justice (Jurisprudentia),UK,c. 1560,estampa,Justitia,FUNDACIONAL,16th,baixo,yes,https://wellcomecollection.org/works/rkvhanzr
SCOUT-480,Relief: Gerechtigkeit und Eintracht (Bremen Rathaus),DE,1596–1605,escultura,Justitia,FUNDACIONAL,16th,baixo,yes,https://www.bildindex.de/document/obj20459153
SCOUT-481,The Goddess of Liberty (woman in star-spangled cape),US,1861,fotografia,Liberty,NORMATIVO,19th,baixo,yes,https://www.loc.gov/item/2018664118/
SCOUT-483,Looking Backward,US,1893,estampa,Columbia,CONTRA-ALEGORIA,19th,baixo,yes,https://hti.osu.edu/opper/lesson-plans/immigration/images/looking-backward
SCOUT-484,Columbia presenting sword to Admiral Dewey,US,1899,estampa,Columbia,MILITAR,19th,baixo,yes,https://www.loc.gov/item/2018697020/
SCOUT-485,Emprunt national 1920 (Société générale),FR,1920,cartaz,Marianne,NORMATIVO,20th,baixo,yes,https://www.europeana.eu/en/item/9200518/ark__12148_btv1b100512310
SCOUT-486,Justitia and Prudentia (female personifications),UK,Unknown,estampa,Justitia,NORMATIVO,,baixo,yes,https://www.britishmuseum.org/collection/object/P_1862-0712-305
SCOUT-487,3e Emprunt de la Défense nationale (République française),FR,1917,cartaz,La République,MILITAR,20th,baixo,yes,https://www.europeana.eu/en/item/9200518/ark__12148_btv1b10051217v
SCOUT-488,Emprunt de la Libération (Rente française 1918),FR,1918,cartaz,Marianne,MILITAR,20th,baixo,yes,https://www.europeana.eu/en/item/9200518/ark__12148_btv1b100512528
SCOUT-489,La Liberté guidant le peuple,FR,1830,pintura,Marianne,FUNDACIONAL,19th,baixo,yes,https://www.europeana.eu/en/item/2063621/FRA_280_009
SCOUT-490,Justitia (Jacob Matham),GE,c. 1600,estampa,Justitia,FUNDACIONAL,16th,baixo,yes,https://www.europeana.eu/en/item/89/item_ZCR4KC47OMJN7DRRDFTIWRQS33M7PBN2
SCOUT-491,Justitia (Hans Kels d. J.),AT,16th century,,Justitia,FUNDACIONAL,16th,baixo,yes,https://www.europeana.eu/en/item/15502/KK_6068
SCOUT-492,Columbia Calls — Enlist Now for U.S. Army,US,1917,cartaz,Columbia,MILITAR,20th,baixo,yes,https://www.loc.gov/item/95506508
SCOUT-493,Alegoría de la Primera República española (La Flaca),ES,1873,estampa,Republic,FUNDACIONAL,19th,baixo,yes,https://hemerotecadigital.bne.es/hd/es/card?sid=3971781
SCOUT-494,Allegorie der Justitia und eine weitere weibliche Allegorie,IT,1501–1550,estampa,Generic allegory,FUNDACIONAL,16th,baixo,yes,https://www.bildindex.de/document/obj08108743
SCOUT-495,Justice (blindfolded woman with sword and scales),US,Unknown,estampa,Justitia,NORMATIVO,,baixo,yes,https://www.loc.gov/item/2007675578/
SCOUT-496,Liberty Is Not Anarchy,US,1886,estampa,Liberty,CONTRA-ALEGORIA,19th,baixo,yes,https://www.loc.gov/item/2004679037/
SCOUT-497,El Altar de la Patria,UY,1896,pintura,Alegoria feminina,FUNDACIONAL,19th,baixo,yes,https://www.museos.gub.uy/index.php/component/k2/item/1550-juan-manuel-blanes-1830-1901
SCOUT-498,Standing Liberty Quarter — Liberty with Shield and Olive Branch,US,1916-1930,moeda,Liberty,INDETERMINADO,20th,baixo,yes,https://en.numista.com/catalogue/pieces15965.html
SCOUT-499,Bons de la Défense nationale,FR,1916,estampa,Marianne,MILITAR,20th,baixo,yes,https://www.europeana.eu/en/item/9200518/ark__12148_btv1b100505003
SCOUT-500,Estátua da Justiça (Luiz Rochet) — referência no Almanak Laemmert,BR,1872 (inaugurated); 1929 (reference),escultura,Justitia,FUNDACIONAL,19th,baixo,yes,http://memoria.bn.br/docreader/webindex/WIPagina/313394/101306
SCOUT-501,Alegoría de la República Mexicana con Símbolos Masónicos,MX,1850,pintura,Republic,FUNDACIONAL,19th,baixo,yes,https://mediateca.inah.gob.mx/islandora_74/islandora/object/pintura:3081
SCOUT-502,[Alegoría de la República española y la República francesa],ES,1931,moeda,Republic,FUNDACIONAL,20th,baixo,yes,https://bdh.bne.es/bnesearch/detalle/76944
SCOUT-503,"Wake Up America! Civilization Calls Every Man, Woman and Child!",US,1917,estampa,Columbia,MILITAR,20th,baixo,yes,https://www.loc.gov/item/91726511/
SCOUT-504,"Allegorie op de rechtvaardigheid (Allegory of Justice, enthroned)",NL,17th century,estampa,Generic allegory,NORMATIVO,17th,baixo,yes,https://www.rijksmuseum.nl/en/collection/object/Allegorie-op-de-rechtvaardigheid--a26144337b14ab57eb5ca23025308032
SCOUT-505,Sottoscrivete al Prestito — Italia Turrita,IT,1917,estampa,Italia Turrita,MILITAR,20th,baixo,yes,https://www.loc.gov/item/2004666216/
SCOUT-506,"Justitia, Allegory of Justice (Johann Oswald Harms)",DE,17th century,estampa,Justitia,FUNDACIONAL,17th,baixo,yes,https://www.europeana.eu/en/item/89/item_MH6IXNHWTECBQCNPU7IIMCFP2BDFAV76
SCOUT-507,La République nous appelle... (Steinlen),FR,1915,estampa,La République,MILITAR,20th,baixo,yes,https://www.europeana.eu/en/item/9200518/ark__12148_btv1b10510623s
SCOUT-508,Rechtvaardigheid (Justitia),NL,1585–1589,estampa,Justitia,FUNDACIONAL,16th,baixo,yes,https://www.rijksmuseum.nl/en/collection/RP-P-OB-27.296
SCOUT-509,"Allégorie de la Justice (Joseph Stallaert, Brussels City Hall)",BE,1885–1888,pintura,Generic allegory,NORMATIVO,19th,baixo,yes,https://collections.heritage.brussels/fr/objects/36822
SCOUT-510,Allegory of Justice (Charles Audran after B.P. Cortona),IT,17th century,estampa,Generic allegory,FUNDACIONAL,17th,baixo,yes,https://www.europeana.eu/en/item/446/RML0348941
SCOUT-511,Notre-Dame des colonies,FR,1909,,Marianne,CONTRA-ALEGORIA,20th,baixo,yes,https://www.europeana.eu/en/item/9200518/ark__12148_btv1b8577655f
SCOUT-512,"Kamin mit Justitia (Leipzig, Altes Rathaus)",DE,c. 1610,,Justitia,FUNDACIONAL,17th,baixo,yes,https://www.bildindex.de/document/obj30143134
SCOUT-513,Helft uns siegen! Zeichnet die Kriegsanleihe,DE,ca. 1917,,,MILITAR,20th,baixo,yes,https://www.loc.gov/item/2004665855/
SCOUT-514,Women of Britain Say 'Go!',UK,1915,cartaz,Alegoria feminina,MILITAR,20th,baixo,yes,https://www.iwm.org.uk/collections/item/object/14592
SCOUT-515,A Republica precisa de ti: vota em Norton de Matos,PT,1949,cartaz,Republic,NORMATIVO,20th,baixo,yes,https://bndigital.bnportugal.gov.pt/records/search?q=rep%C3%BAblica&DocumentType=Iconografia
SCOUT-517,Madame Anastasie (avec les ciseaux de la censure),FR,1874,,Marianne,CONTRA-ALEGORIA,19th,baixo,yes,https://gallica.bnf.fr/ark:/12148/bpt6k1068692m
SCOUT-518,"Eliseu Visconti — Alegoria (Biblioteca Nacional, Rio de Janeiro)",BR,1910,pintura,Generic allegory,FUNDACIONAL,20th,baixo,yes,https://eliseuvisconti.com.br/obra/d702/
SCOUT-519,"Foire France-Américaine: Justice, Liberty, Demeter, Athena",US,1917,moeda,Justitia,MILITAR,20th,baixo,yes,https://www.loc.gov/item/99613542/
SCOUT-520,"A Justiça (Alfredo Ceschiatti, STF Brasília)",BR,1961,escultura,Justitia,MILITAR,20th,baixo,yes,https://acervos.ims.com.br/index.php/Detail/objects/18758
SCOUT-521,L'envoyé de la Justice,FR,1859,estampa,Justitia,FUNDACIONAL,19th,baixo,yes,https://gallica.bnf.fr/ark:/12148/btv1b53173732g
SCOUT-522,Justitia (bust with crown and eye pendant),NL,Unknown,moeda,Justitia,NORMATIVO,,baixo,yes,https://www.rijksmuseum.nl/en/collection/object/Justitia--314f580f935ba978fb199ce7abeb0db1
SCOUT-523,Rechtvaardigheid (Justitia),NL,1593,estampa,Justitia,FUNDACIONAL,16th,baixo,yes,https://www.rijksmuseum.nl/en/collection/RP-P-1887-A-12280
SCOUT-524,Série Ceres — Selo definitivo da República Portuguesa,PT,1912-1945,selo,Republic,FUNDACIONAL,20th,baixo,yes,https://en.wikipedia.org/wiki/Ceres_series_(Portugal)
SCOUT-525,Alegoria da República (Carlos Chambelland),BR,1922,pintura,Republic,FUNDACIONAL,20th,baixo,yes,https://brasiliana.museus.gov.br/acervos/alegoria-da-republica/
SCOUT-526,La Paix — Idylle,FR,1871,,Peace,CONTRA-ALEGORIA,19th,baixo,yes,https://www.metmuseum.org/art/collection/search/757244
SCOUT-527,5 Francs Hercule — La République et La Justice flanquant Hercule,FR,1870-1878,moeda,La République,INDETERMINADO,19th,baixo,yes,https://en.numista.com/catalogue/pieces1187.html
SCOUT-528,Emprunt national 1920 (Société centrale des banques de province),FR,1920,,Marianne,NORMATIVO,20th,baixo,yes,https://www.europeana.eu/en/item/9200518/ark__12148_btv1b100504964
SCOUT-529,Alegoria da República (Décio Villares),BR,c. 1900,pintura,Republic,FUNDACIONAL,19th,baixo,yes,https://archive.nyu.edu/handle/2451/61396
SCOUT-530,Providence and Justice (female personifications in niches),UK,Unknown,estampa,Providence,NORMATIVO,,baixo,yes,https://www.britishmuseum.org/collection/object/P_1862-0712-304
SCOUT-531,Temple of Liberty,US,1834,estampa,Liberty,FUNDACIONAL,19th,baixo,yes,https://www.loc.gov/item/2008661765/
SCOUT-532,Palais de Justice de Bruxelles (Joseph Poelaert),BE,1866–1883,escultura,Justitia,NORMATIVO,19th,baixo,yes,https://be-monumen.be/patrimoine-belge/poelaert-joseph/
SCOUT-533,"Vrouwe Justitia (nude, with sword and scales)",NL,1500–1600,estampa,Justitia,FUNDACIONAL,15th,baixo,yes,https://www.rijksmuseum.nl/en/collection/object/Vrouwe-Justitia--13997b5b276f9bbbb36a847da4c3022a
SCOUT-534,Time and Justice Reveal the Truth,BE,Unknown,,Justitia,FUNDACIONAL,,baixo,yes,https://www.europeana.eu/en/item/2048001/AP_10342206
SCOUT-535,Two Forces — Britannia protecting Hibernia,UK,c. 1881,,Britannia,NORMATIVO,19th,baixo,yes,https://www.gutenberg.org/files/59801/59801-h/59801-h.htm
SCOUT-536,"Justitia enthroned, with sword and scales",UK,17th century,estampa,Justitia,NORMATIVO,17th,baixo,yes,https://www.britishmuseum.org/collection/object/P_1870-0625-185
SCOUT-538,Allegorie der Jus Civile (Christian Wenzinger),DE,1752,escultura,Generic allegory,FUNDACIONAL,18th,baixo,yes,https://www.bildindex.de/document/obj20677105
SCOUT-539,"Allegory with Justizia, crowned by a putto",AT,18th century,moeda,Generic allegory,FUNDACIONAL,18th,baixo,yes,https://www.europeana.eu/en/item/15508/30435
SCOUT-540,La République aimable (Félicien Rops),FR,1871,estampa,La République,NORMATIVO,19th,baixo,yes,https://gallica.bnf.fr/ark:/12148/btv1b531842166
SCOUT-541,Justitia civilis (Maarten de Vos),BE,16th century,,Justitia,FUNDACIONAL,16th,baixo,yes,https://www.europeana.eu/en/item/2048001/AP_10133590
SCOUT-542,La Liberté guidant le peuple (Eugène Delacroix),FR,1830,pintura,Marianne,FUNDACIONAL,19th,baixo,yes,https://commons.wikimedia.org/wiki/File:Eug%C3%A8ne_Delacroix_-_Le_28_Juillet._La_Libert%C3%A9_guidant_le_peuple.jpg
SCOUT-543,Germania — Guter Rat ist teuer (Bismarck e Alsácia-Lorena),DE,c. 1871,,Germania,CONTRA-ALEGORIA,19th,baixo,yes,https://germanhistorydocs.ghi-dc.org/sub_image.cfm?image_id=1408
SCOUT-544,Germania — Reichspost / Deutsches Reich Definitive Stamp (Paul Eduard Waldraff),DE,1900-1922,selo,Germania,INDETERMINADO,19th,baixo,yes,https://en.wikipedia.org/wiki/Germania_(stamp)
SCOUT-545,Prêtez à la France pour qu'elle grandisse dans le rayonnement de la Paix!,FR,1920,moeda,Marianne,NORMATIVO,20th,baixo,yes,https://www.europeana.eu/en/item/9200518/ark__12148_btv1b10051230j
SCOUT-546,Germania,DE,1914,pintura,Germania,NORMATIVO,20th,baixo,yes,https://www.dhm.de/lemo/bestand/objekt/gemaelde-friedrich-august-von-kaulbach-germania-1914
SCOUT-547,"Justitia (Hameln, Stiftsherrenhaus)",DE,c. 1558,escultura,Justitia,FUNDACIONAL,16th,baixo,yes,https://www.bildindex.de/document/obj20608421
SCOUT-548,"Allegory, Liberty Seated — Selo definitivo da República Argentina",AR,1899-1903,selo,Republic,NORMATIVO,19th,baixo,yes,https://colnect.com/en/stamps/stamp/128820-Allegory_Liberty_Seated-Allegory-Argentina
SCOUT-549,[Virtudes cardinales: Justica] (La Patria Ilustrada),MX,1889,estampa,Justitia,NORMATIVO,19th,baixo,yes,https://www.loc.gov/item/2003656173/
SCOUT-550,Alegoria da República Brasileira — Revista Illustrada,BR,"c. 1889 (pós-Proclamação, 15 nov. 1889)",estampa,Republic,INDETERMINADO,19th,baixo,yes,https://commons.wikimedia.org/wiki/File:Republica_no_brasil.jpg
SCOUT-551,Alegoria à República — Capa da Revista Illustrada n. 566,BR,1889,estampa,Republic,INDETERMINADO,19th,baixo,yes,"https://commons.wikimedia.org/wiki/File:Capa_da_Revista_Illustrada,_n.%C2%BA_566_(1889).png"
SCOUT-552,Alegoria da República — Manoel Lopes Rodrigues (óleo sobre tela),BR,1896,pintura,Republic,INDETERMINADO,19th,baixo,yes,https://artsandculture.google.com/story/cole%C3%A7%C3%A3o-lopes-rodrigues-museu-de-arte-da-bahia/kAXx2Zki-R24Lw
SCOUT-553,Alegoria à Lei de 13 de Maio de 1888 (estudo),BR,c. 1888 (final do séc. XIX),pintura,Generic allegory,INDETERMINADO,19th,baixo,yes,https://mhn.museus.gov.br/estudo-de-decio-villares-volta-ao-circuito-expositivo-do-mhn/
SCOUT-554,République de Clésinger (fotografia de demonstração),FR,1900 (fotografia); c. 1848 (escultura original),fotografia,La République,INDETERMINADO,19th,baixo,yes,https://gallica.bnf.fr/ark:/12148/btv1b531241805
SCOUT-555,Unité indivisibilité de la République (j'ai rompu mes chaines vive la liberté),FR,1793–1794,estampa,La République,INDETERMINADO,18th,baixo,yes,https://gallica.bnf.fr/ark:/12148/btv1b6950386s
SCOUT-556,La République (en hauteur) — Exposição Internacional de Paris 1889,FR,1889,fotografia,La République,INDETERMINADO,19th,baixo,yes,https://gallica.bnf.fr/ark:/12148/btv1b116003372
SCOUT-557,Étude pour le 1er mai? (Steinlen),FR,1894,estampa,Alegoria feminina,INDETERMINADO,19th,baixo,yes,https://gallica.bnf.fr/ark:/12148/btv1b53188884v
SCOUT-558,"25 Mark — Stadtsparkasse Bielefeld (Notgeld), Bielefelder Jungbronnen (Fountain of Youth), silk note",DE,1921,,,FUNDACIONAL,,baixo,yes,https://en.numista.com/210100
SCOUT-559,"Crispim do Amaral, Alegoria da República (pano de boca do Theatro da Paz, Belém, 1890), reproduzida em Lima Junior (2020)",BR,1890,,,FUNDACIONAL,,baixo,yes,https://teses.usp.br/teses/disponiveis/93/93131/tde-16062021-151518/publico/2020_CarlosRogerioLimaJunior_VCorr.pdf
SCOUT-560,"Virtudes cardinais da Matriz de Nossa Senhora do Pilar, Ouro Preto",BR,c. 1731–1750,,,NORMATIVO,,baixo,yes,https://www.eba.ufmg.br/revistaceib/index.php/imagembrasileira/article/download/331/284/521
SCOUT-561,Cédula de 2.000 réis de 1890 — figura feminina,BR,1890,,,NORMATIVO,,baixo,yes,https://www.youtube.com/watch?v=TUuDNXMqna0
SCOUT-562,Brasão da República dos Estados Unidos do Brasil,BR,1889–,,,NORMATIVO,,baixo,yes,https://www.planalto.gov.br/ccivil_03/constituicao/brasao.htm
SCOUT-563,Alegoria da Liberdade segurando a Bandeira do Brasil Império,BR,século XIX,,,NORMATIVO,,baixo,yes,https://www.facebook.com/BrazilImperiu/photos/alegoria-da-liberdade-segurando-a-bandeira-do-brasil-imperio
SCOUT-564,Efígie da República em moedas e cédulas brasileiras (1889–1945),BR,1889–1945,,,NORMATIVO,,baixo,yes,https://iconocracy-corpus.local/piloto/
SCOUT-565,Personificação do Brasil em selos postais republicanos,BR,1889–1960,,,NORMATIVO,,baixo,yes,https://iconocracy-corpus.local/piloto/
SCOUT-566,Vitral de Iustitia sem venda no Antigo Palácio da Justiça (Rio de Janeiro),BR,1909,arquitetura forense,,NORMATIVO,,alto,yes,https://www.memoriasbelgas.com.br/vitral-da-sala-de-sessoes-do-ccjf/
SCOUT-567,Elementos hídricos no escudo de armas do Império e da República,BR,1822–1889–,,,NORMATIVO,,baixo,yes,https://www.planalto.gov.br/ccivil_03/constituicao/brasao.htm
SCOUT-568,Monumento à República / Pátria feminina em praça pública brasileira,BR,1889–1950,,,NORMATIVO,,baixo,yes,https://iconocracy-corpus.local/piloto/
SCOUT-569,Pinturas das quatro estações de Bernardo Pires da Silva (1774) — Ouro Preto,BR,1774,,,NORMATIVO,,baixo,yes,https://seer.ufrgs.br/index.php/PortoArte/article/view/141873
SCOUT-570,A América alegorizada em gravuras e frontispícios circulados no Brasil colonial,BR,séculos XVI–XVIII,,,NORMATIVO,,baixo,yes,https://www.brasilianaiconografica.art.br/artigos/24232/a-representacao-da-america-quando-era-grande-e-desconhecida
SCOUT-571,"Intervenção feminista no Paseo de la Reforma, Cidade do México, 2021",MX,2021,,,CONTRA-ALEGORIA,,baixo,yes,https://awarewomenartists.com/en/magazine/interventions-monumentales-feminisme-art-et-resistance-publique-au-mexique/
SCOUT-572,Esculturas alegóricas da fachada do Palácio da Justiça de São Paulo,BR,1933,arquitetura forense,,NORMATIVO,,alto,yes,https://www.tjsp.jus.br/QuemSomos/PalacioJustica
SCOUT-573,Esculturas de A Justiça e a Família e A Justiça e o Homem (Palácio da Justiça de Pernambuco),BR,1930,arquitetura forense,,NORMATIVO,,alto,yes,http://www.tjpe.jus.br/institucional/palacio-da-justica/
SCOUT-574,Estátua de Têmis (Palácio da Justiça do Rio Grande do Sul),BR,2005,arquitetura forense,,NORMATIVO,,alto,yes,https://www.tjrs.jus.br/novo/institucional/palacio-da-justica/
SCOUT-575,Litis abusus(3):personnages allégoriques suivant l'amour...,FR,,indeterminado,Alegoria feminina,INDETERMINADO,,baixo,no,http://balat.kikirpa.be/object/10065138
SCOUT-576,Sieg der Justitia von der Nike mit Lorbeer bekrönt in Begleitung zweier Putti,FR,,indeterminado,Justitia,INDETERMINADO,,baixo,no,http://kk.haum-bs.de/?id=z-02158
SCOUT-577,[Justitia und Violentia],FR,,indeterminado,Justitia,INDETERMINADO,,baixo,no,http://kk.haum-bs.de/?id=galle-j-exc-ab3-0016
SCOUT-578,"Le Monde de la Science, des Arts et de la Magistrature — Cortège allégorique à la gloire de la cité",FR,,indeterminado,Alegoria feminina,INDETERMINADO,,baixo,no,http://balat.kikirpa.be/object/10067177
SCOUT-579,"Justitia, time and Caritas",FR,,indeterminado,Justitia,INDETERMINADO,,baixo,no,http://kk.haum-bs.de/?id=l-kilian-wb2-0015
SCOUT-580,Justitia und Sapientia,FR,,indeterminado,Justitia,INDETERMINADO,,baixo,no,http://kk.haum-bs.de/?id=g-fentzel-wb3-0010
SCOUT-581,[Buste de la République] : [photographie de presse] / [Agence Rol],FR,1916,fotografia,République,MILITAR,,baixo,no,https://gallica.bnf.fr/ark:/12148/btv1b69528790
SCOUT-582,[Le hochet de la République] : [estampe] / Jean Veber,FR,1904,estampa,République,NORMATIVO,,baixo,no,https://gallica.bnf.fr/ark:/12148/btv1b8577647w
SCOUT-583,"[République de Clésinger] : [photographie, tirage de démonstration] / [Atelier Nadar]",FR,1900,fotografia,République,INDETERMINADO,,baixo,no,https://gallica.bnf.fr/ark:/12148/btv1b53124181m
SCOUT-584,"14/7/27, les Mariannes avant le défilé : [photographie de presse] / [Agence Rol]",FR,1927,fotografia,Marianne,INDETERMINADO,,baixo,no,https://gallica.bnf.fr/ark:/12148/btv1b53184735g
SCOUT-585,Au nom de la République française [a tous les officiers civils et militaires...] : [estampe] / Gatteaux inv.t ; R. De Launay sculp.t,FR,1798,estampa,République,NORMATIVO,,baixo,no,https://gallica.bnf.fr/ark:/12148/btv1b84125562
SCOUT-586,Unité et indivisibilité de la République : [estampe] / [non identifié],FR,1793-1794,estampa,République,FUNDACIONAL,,baixo,no,https://gallica.bnf.fr/ark:/12148/btv1b8412185d
SCOUT-587,Statue de la République : [photographie] / [Hippolyte Blancard],FR,1889,fotografia,République,FUNDACIONAL,,baixo,no,https://gallica.bnf.fr/ark:/12148/btv1b11600336m
SCOUT-588,Statue de la République devant le Dôme central : [photographie] / [Hippolyte Blancard],FR,1889,fotografia,République,FUNDACIONAL,,baixo,no,https://gallica.bnf.fr/ark:/12148/btv1b11600332t
SCOUT-589,Sketch of an Allegory of the Abolition of Slavery,FR,ca. 1848,escultura,Alegoria feminina,FUNDACIONAL,,baixo,yes,https://www.metmuseum.org/art/collection/search/848124
SCOUT-590,Allegory of Winter,FR,,pintura,Alegoria feminina,INDETERMINADO,,baixo,no,https://www.metmuseum.org/art/collection/search/436837
SCOUT-591,La Liberté,FR,ca. 1794,estampa,Liberté,FUNDACIONAL,,baixo,yes,https://www.metmuseum.org/art/collection/search/821181
SCOUT-592,Grabmal für Marianne Lincke,FR,,indeterminado,Marianne,INDETERMINADO,,baixo,no,http://www.deutschefotothek.de/documents/obj/32026343
SCOUT-593,Headstone of Marianne Willemer,FR,,indeterminado,Marianne,INDETERMINADO,,baixo,no,http://www.bildindex.de/document/obj20446875
SCOUT-594,Headstone Marianne Sonneborn (+ 1806),FR,,indeterminado,Marianne,INDETERMINADO,,baixo,no,http://www.bildindex.de/document/obj20458194
SCOUT-595,Marianne van Frankrijk,FR,,indeterminado,Marianne,INDETERMINADO,,baixo,no,http://balat.kikirpa.be/object/153758
SCOUT-596,Grabmal für Marianne Schadow,FR,,indeterminado,Marianne,INDETERMINADO,,baixo,no,http://www.bildindex.de/document/obj20497073
SCOUT-597,Memorial of Paul and Marianne Ehrlich,FR,,indeterminado,Marianne,INDETERMINADO,,baixo,no,http://www.bildindex.de/document/obj20446890
SCOUT-598,Münze,FR,1849,moeda,Alegoria feminina,NORMATIVO,,baixo,no,https://www.stadtmuseum.leipzig.de/DE-MUS-853418/objekt=Z0037391
SCOUT-599,Bust of the Republic: [press photograph]/[Rol Agency],FR,1916,fotografia,Republic,MILITAR,,baixo,no,https://gallica.bnf.fr/ark:/12148/btv1b6952880n
SCOUT-600,"Marianne Vogelweid, épouse de Hans Vogelweid = Marianne Vogelweid, Gattin von Hans Vogelweid, Mi-corps, face",FR,1913,indeterminado,Marianne,INDETERMINADO,,baixo,no,https://gallica.bnf.fr/ark:/12148/btv1b10213156p
SCOUT-601,Medalla,ES,1873,medalha,República,FUNDACIONAL,,baixo,yes,http://ceres.mcu.es/pages/Main?idt=98650&inventary=1992/81/1611&table=FMUS&museum=MAN
SCOUT-602,Ficha,FR,1870,ficha,República,FUNDACIONAL,,baixo,yes,http://ceres.mcu.es/pages/Main?idt=2791&inventary=02790&table=FMUS&museum=MCM
SCOUT-603,"Pax und Respublica reichen sich die Hände, dahinter Caritas, Justitia und Prudentia.",BR,,indeterminado,Justitia,INDETERMINADO,,baixo,no,http://diglib.hab.de?grafik=35-5-geom-2f-2s-00004
SCOUT-604,Relieve de la República - Relieve,ES,1931,escultura,República,FUNDACIONAL,,baixo,yes,http://ceres.mcu.es/pages/Main?idt=129502&inventary=CE032775&table=FMUS&museum=MAECO
SCOUT-605,Exposición Universal de Lyon - Medalla,FR,1872,medalha,República,NORMATIVO,,baixo,yes,http://ceres.mcu.es/pages/Main?idt=2713&inventary=02712&table=FMUS&museum=MCM
SCOUT-606,"Frimärke ur Gösta Bodmans filatelistiska motivsamling, påbörjad 1950. Frimärke från Italien, 1953. Motiv av ""Republica Italiana""",IT,1953,selo,Republic,INDETERMINADO,,baixo,no,https://digitaltmuseum.se/0210114159593
SCOUT-607,Lo que puede suceder. - Estampa,ES,1870,estampa,República,CONTRA-ALEGORIA,,baixo,yes,http://ceres.mcu.es/pages/Main?idt=6813&inventary=CE5714&table=FMUS&museum=MNR
SCOUT-608,Veritas [The Repentant Revealing Truth and God´s Righteousness; Berouw brengt waarheid aan het licht en aanschouwt Gods rechtvaardigheid; Die Reue bringt die Wahrheit ans Licht im Angesicht von Gottes Gerechtigkeit],FR,,indeterminado,Alegoria feminina,INDETERMINADO,,muito-baixo,no,http://kk.haum-bs.de/?id=coornhert-d-v-wb3-0049
SCOUT-609,Gerechtigkeit (Iustitia),FR,,indeterminado,Alegoria feminina,INDETERMINADO,,muito-baixo,no,http://kk.haum-bs.de/?id=z-wb-viii-042
SCOUT-610,Onpartijdige rechtspraak der schepenen van Ghedeele,FR,,indeterminado,Alegoria feminina,INDETERMINADO,,muito-baixo,no,http://balat.kikirpa.be/object/104975
SCOUT-611,Das hohe Alter mit dem Bilde der Gerechtigkeit,FR,,indeterminado,Alegoria feminina,INDETERMINADO,,muito-baixo,no,http://kk.haum-bs.de/?id=j-e-nilson-ab3-0033
SCOUT-612,"Justizia und Pax, Species superbice",FR,1648,manuscrito,Alegoria feminina,INDETERMINADO,,muito-baixo,no,http://www.deutschefotothek.de/documents/obj/72051477
SCOUT-613,Gott regieret alles gerecht,DE,1701-1800,pintura,Alegoria feminina,INDETERMINADO,,muito-baixo,no,http://www.deutschefotothek.de/documents/obj/72066898
SCOUT-614,[18 mars] : [estampe] ([État unique]) / Pierre [i.e. Steinlen],FR,1894,estampa,Alegoria feminina,NORMATIVO,,muito-baixo,no,https://gallica.bnf.fr/ark:/12148/btv1b53188502h
SCOUT-615,"[Enfin seuls !] : [estampe] ([Un seul état, épreuve marquée au crayon rouge : ""N° 63""]) / [Steinlen]",FR,1894,estampa,Alegoria feminina,NORMATIVO,,muito-baixo,no,https://gallica.bnf.fr/ark:/12148/btv1b53188410n
SCOUT-616,"[18 mars] : [estampe] ([Un seul état, épreuve marquée au crayon rouge : ""N° 41""]) / PPierre [Petit Pierre, i.e. Steinlen]",FR,1894,estampa,Alegoria feminina,NORMATIVO,,muito-baixo,no,https://gallica.bnf.fr/ark:/12148/btv1b53188397q
SCOUT-617,"[Celle qui a mal tourné] : [estampe] ([Un seul état, épreuve marquée au crayon rouge : ""N° 63""]) / PP [Petit Pierre, i.e. Steinlen]",FR,1894,estampa,Alegoria feminina,NORMATIVO,,muito-baixo,no,https://gallica.bnf.fr/ark:/12148/btv1b53188408t
SCOUT-618,[Le lait] : [estampe] ([État avec remarque]) / Steinlen,FR,1916,estampa,Alegoria feminina,MILITAR,,muito-baixo,no,https://gallica.bnf.fr/ark:/12148/btv1b105109446
SCOUT-619,[Le Secours national] : [estampe] ([État avec remarque]) / Steinlen 1915,FR,1915,estampa,Alegoria feminina,MILITAR,,muito-baixo,no,https://gallica.bnf.fr/ark:/12148/btv1b10510680x
SCOUT-620,[Croquis - Deux poilus] : [estampe] ([État avec remarque]) / Steinlen 1915,FR,1915,estampa,Alegoria feminina,MILITAR,,muito-baixo,no,https://gallica.bnf.fr/ark:/12148/btv1b105107163
SCOUT-621,[L'aide aux blessés] : [estampe] ([État avec remarque]) / Steinlen,FR,1915,estampa,Alegoria feminina,MILITAR,,muito-baixo,no,https://gallica.bnf.fr/ark:/12148/btv1b105106694
SCOUT-622,[L'aide aux mutilés de guerre] : [estampe] ([État avec remarque]) / Steinlen 1915,FR,1915,estampa,Alegoria feminina,MILITAR,,muito-baixo,no,https://gallica.bnf.fr/ark:/12148/btv1b10510668p
SCOUT-623,"LA DEROVTE // ET CONFVSION DES // IANSSENISTES : [estampe, almanach] ([État I / III])",FR,1654,estampa,Alegoria feminina,NORMATIVO,,muito-baixo,no,https://gallica.bnf.fr/ark:/12148/btv1b6945300j
SCOUT-624,[Frontispice de thèse dédiée à Nicolas Faure de Berlise ( 1670)] : [estampe] ([2e état]) / Greg. Huret jnu. et fecit,FR,1641,estampa,Alegoria feminina,NORMATIVO,,muito-baixo,no,https://gallica.bnf.fr/ark:/12148/btv1b53254759f
